{
	"class_name" : "PinholeCameraParameters",
	"extrinsic" : 
	[
		0.51431797970497284,
		-0.46045649063238486,
		0.72350316929969527,
		0.0,
		0.8427358023650855,
		0.42774586503456025,
		-0.32684834764445625,
		0.0,
		-0.15897604588198408,
		0.7778260057238664,
		0.60804055921902533,
		0.0,
		6.1543929623431914,
		-36.198148668813332,
		5.1118213643600878,
		1.0
	],
	"intrinsic" : 
	{
		"height" : 800,
		"intrinsic_matrix" : 
		[
			692.82032302755124,
			0.0,
			0.0,
			0.0,
			692.82032302755124,
			0.0,
			499.5,
			399.5,
			1.0
		],
		"width" : 1000
	},
	"version_major" : 1,
	"version_minor" : 0
}