{
	"class_name" : "PinholeCameraParameters",
	"extrinsic" : 
	[
		-0.74570190518174839,
		-0.57525298324949348,
		0.33617357699686751,
		0.0,
		0.66055893617616201,
		-0.70427277296247681,
		0.26011872885580689,
		0.0,
		0.087123822494929587,
		0.41603349207281559,
		0.90516604721320093,
		0.0,
		-3.2320043580582887,
		-17.166468025463416,
		-8.5607509289709771,
		1.0
	],
	"intrinsic" : 
	{
		"height" : 800,
		"intrinsic_matrix" : 
		[
			692.82032302755113,
			0.0,
			0.0,
			0.0,
			692.82032302755113,
			0.0,
			499.5,
			399.5,
			1.0
		],
		"width" : 1000
	},
	"version_major" : 1,
	"version_minor" : 0
}