{
	"class_name" : "PinholeCameraParameters",
	"extrinsic" : 
	[
		0.90610381907824589,
		-0.0,
		0.42305539714299523,
		0.0,
		0.0,
		-1.0,
		-0.0,
		0.0,
		0.42305539714299523,
		0.0,
		-0.90610381907824589,
		0.0,
		-28.694183656340769,
		7.465019702911377,
		87.56990123557344,
		1.0
	],
	"intrinsic" : 
	{
		"height" : 800,
		"intrinsic_matrix" : 
		[
			692.82032302755113,
			0.0,
			0.0,
			0.0,
			692.82032302755113,
			0.0,
			499.5,
			399.5,
			1.0
		],
		"width" : 1000
	},
	"version_major" : 1,
	"version_minor" : 0
}