{
	"class_name" : "PinholeCameraParameters",
	"extrinsic" : 
	[
		-0.69329266332026029,
		0.67575526349352655,
		-0.25039989386398476,
		0.0,
		-0.39437481413686587,
		-0.64657704530498827,
		-0.65299818564769674,
		0.0,
		-0.60316978452241199,
		-0.35396743966848943,
		0.71476797822350824,
		0.0,
		33.681517509423301,
		10.196199598490878,
		15.447235979425386,
		1.0
	],
	"intrinsic" : 
	{
		"height" : 800,
		"intrinsic_matrix" : 
		[
			692.82032302755113,
			0.0,
			0.0,
			0.0,
			692.82032302755113,
			0.0,
			499.5,
			399.5,
			1.0
		],
		"width" : 1000
	},
	"version_major" : 1,
	"version_minor" : 0
}