{
	"class_name" : "PinholeCameraParameters",
	"extrinsic" : 
	[
		-0.85505911585126504,
		-0.48557024869406834,
		0.18192152699126521,
		0.0,
		0.44589538995573436,
		-0.86762374229848671,
		-0.2200144154736067,
		0.0,
		0.26467189049061601,
		-0.10700736135028217,
		0.95838312537365433,
		0.0,
		-13.214231596426023,
		5.9524895104606461,
		-15.460791207968516,
		1.0
	],
	"intrinsic" : 
	{
		"height" : 800,
		"intrinsic_matrix" : 
		[
			692.82032302755124,
			0.0,
			0.0,
			0.0,
			692.82032302755124,
			0.0,
			499.5,
			399.5,
			1.0
		],
		"width" : 1000
	},
	"version_major" : 1,
	"version_minor" : 0
}