{
	"class_name" : "PinholeCameraParameters",
	"extrinsic" : 
	[
		-0.88998388062106992,
		0.159701326346919,
		-0.42711143580767802,
		0.0,
		-0.25250823938156436,
		-0.95254517073419742,
		0.16999201968145891,
		0.0,
		-0.37969498453243222,
		0.2591393140262469,
		0.88807574825964164,
		0.0,
		26.503678116425512,
		-13.824185552461582,
		6.2300046657370771,
		1.0
	],
	"intrinsic" : 
	{
		"height" : 1080,
		"intrinsic_matrix" : 
		[
			935.30743608719399,
			0.0,
			0.0,
			0.0,
			935.30743608719399,
			0.0,
			959.5,
			539.5,
			1.0
		],
		"width" : 1920
	},
	"version_major" : 1,
	"version_minor" : 0
}