{
	"class_name" : "PinholeCameraParameters",
	"extrinsic" : 
	[
		0.58356989170845563,
		-0.62998756526664357,
		0.51240789328501568,
		0.0,
		0.32234795855066889,
		-0.39944377948014481,
		-0.85821702421522372,
		0.0,
		0.74534419908495819,
		0.66600325422930495,
		-0.03002815755883546,
		0.0,
		-38.752620650687312,
		-28.63866228064704,
		51.556694704934891,
		1.0
	],
	"intrinsic" : 
	{
		"height" : 800,
		"intrinsic_matrix" : 
		[
			692.82032302755124,
			0.0,
			0.0,
			0.0,
			692.82032302755124,
			0.0,
			499.5,
			399.5,
			1.0
		],
		"width" : 1000
	},
	"version_major" : 1,
	"version_minor" : 0
}