{
	"class_name" : "PinholeCameraParameters",
	"extrinsic" : 
	[
		-0.50711872030524319,
		0.81313521147651513,
		-0.28573017231824815,
		0.0,
		-0.51678945345462601,
		-0.55219121560329498,
		-0.65422742391971345,
		0.0,
		-0.68975304588964426,
		-0.18410863441891734,
		0.70024620414419936,
		0.0,
		36.002503195971762,
		1.2124604599332489,
		16.423166983673461,
		1.0
	],
	"intrinsic" : 
	{
		"height" : 800,
		"intrinsic_matrix" : 
		[
			692.82032302755113,
			0.0,
			0.0,
			0.0,
			692.82032302755113,
			0.0,
			499.5,
			399.5,
			1.0
		],
		"width" : 1000
	},
	"version_major" : 1,
	"version_minor" : 0
}