{
	"class_name" : "PinholeCameraParameters",
	"extrinsic" : 
	[
		-0.65247454784537917,
		0.29756582408791532,
		-0.69694443447727439,
		0.0,
		-0.37505480601227759,
		-0.92594749946580535,
		-0.044216747054882391,
		0.0,
		-0.65849134914671514,
		0.23254205763238275,
		0.71576066847168729,
		0.0,
		38.331743785149001,
		-19.388686576801391,
		15.813421991224578,
		1.0
	],
	"intrinsic" : 
	{
		"height" : 1080,
		"intrinsic_matrix" : 
		[
			935.30743608719399,
			0.0,
			0.0,
			0.0,
			935.30743608719399,
			0.0,
			959.5,
			539.5,
			1.0
		],
		"width" : 1920
	},
	"version_major" : 1,
	"version_minor" : 0
}