{
	"class_name" : "PinholeCameraParameters",
	"extrinsic" : 
	[
		-0.43406880395349184,
		0.47782212782646782,
		-0.76372134158590321,
		0.0,
		-0.44774848834060704,
		-0.85005614861378609,
		-0.27735507096968359,
		0.0,
		-0.78173241241686175,
		0.22156389228230217,
		0.58292699115209112,
		0.0,
		40.292396459635611,
		-15.295289003034878,
		18.772390504649746,
		1.0
	],
	"intrinsic" : 
	{
		"height" : 800,
		"intrinsic_matrix" : 
		[
			692.82032302755113,
			0.0,
			0.0,
			0.0,
			692.82032302755113,
			0.0,
			499.5,
			399.5,
			1.0
		],
		"width" : 1000
	},
	"version_major" : 1,
	"version_minor" : 0
}