{
	"class_name" : "PinholeCameraParameters",
	"extrinsic" : 
	[
		-0.13957800877771498,
		-0.72874652548261143,
		0.67040769764574581,
		0.0,
		0.89725677199651765,
		-0.37946971538466046,
		-0.22568345134784232,
		0.0,
		0.41886544924598068,
		0.57002739995802509,
		0.70683838232304308,
		0.0,
		-16.809765885693192,
		-23.333143326808766,
		-1.99538381407692,
		1.0
	],
	"intrinsic" : 
	{
		"height" : 800,
		"intrinsic_matrix" : 
		[
			692.82032302755113,
			0.0,
			0.0,
			0.0,
			692.82032302755113,
			0.0,
			499.5,
			399.5,
			1.0
		],
		"width" : 1000
	},
	"version_major" : 1,
	"version_minor" : 0
}