{
	"class_name" : "PinholeCameraParameters",
	"extrinsic" : 
	[
		0.64932483531856722,
		0.53093284068999225,
		-0.54450672807172085,
		0.0,
		-0.40416427785001091,
		-0.36559388116404029,
		-0.83844639099073759,
		0.0,
		-0.64422705217065723,
		0.76449423328908706,
		-0.022805098535990661,
		0.0,
		16.235445905170909,
		-42.507063269981053,
		36.801474385482187,
		1.0
	],
	"intrinsic" : 
	{
		"height" : 800,
		"intrinsic_matrix" : 
		[
			692.82032302755113,
			0.0,
			0.0,
			0.0,
			692.82032302755113,
			0.0,
			499.5,
			399.5,
			1.0
		],
		"width" : 1000
	},
	"version_major" : 1,
	"version_minor" : 0
}