{
	"class_name" : "PinholeCameraParameters",
	"extrinsic" : 
	[
		-0.77015108252154263,
		0.48340857054064829,
		-0.41615317374584937,
		0.0,
		-0.40895681014825797,
		-0.87489327123627392,
		-0.25945344742140841,
		0.0,
		-0.48951163165368988,
		-0.029629678927367484,
		0.87149322694006259,
		0.0,
		29.135115085982466,
		-3.0892560957680337,
		1.1394128753681159,
		1.0
	],
	"intrinsic" : 
	{
		"height" : 800,
		"intrinsic_matrix" : 
		[
			692.82032302755113,
			0.0,
			0.0,
			0.0,
			692.82032302755113,
			0.0,
			499.5,
			399.5,
			1.0
		],
		"width" : 1000
	},
	"version_major" : 1,
	"version_minor" : 0
}