{
	"class_name" : "PinholeCameraParameters",
	"extrinsic" : 
	[
		0.89346078277348462,
		-0.38687917818857365,
		0.22814979975868072,
		0.0,
		0.31306950339577894,
		0.17221573086411313,
		-0.93398566803054306,
		0.0,
		0.32204862317562022,
		0.90590631056808146,
		0.27498807389342206,
		0.0,
		-24.867603954362476,
		-34.769099871103691,
		21.089356269671732,
		1.0
	],
	"intrinsic" : 
	{
		"height" : 800,
		"intrinsic_matrix" : 
		[
			692.82032302755113,
			0.0,
			0.0,
			0.0,
			692.82032302755113,
			0.0,
			499.5,
			399.5,
			1.0
		],
		"width" : 1000
	},
	"version_major" : 1,
	"version_minor" : 0
}