{
	"class_name" : "PinholeCameraParameters",
	"extrinsic" : 
	[
		-0.52266745914339119,
		0.55191314488528764,
		-0.64977735237188983,
		0.0,
		-0.57699851597398666,
		-0.79008741846216646,
		-0.20696517521459151,
		0.0,
		-0.62760771164510765,
		0.26674660577150933,
		0.73140604905412876,
		0.0,
		32.830822039628927,
		-17.14482617882317,
		18.620008127710623,
		1.0
	],
	"intrinsic" : 
	{
		"height" : 800,
		"intrinsic_matrix" : 
		[
			692.82032302755113,
			0.0,
			0.0,
			0.0,
			692.82032302755113,
			0.0,
			499.5,
			399.5,
			1.0
		],
		"width" : 1000
	},
	"version_major" : 1,
	"version_minor" : 0
}