{
	"class_name" : "PinholeCameraParameters",
	"extrinsic" : 
	[
		-0.65077446922102011,
		0.025858740060390878,
		0.75883062390271838,
		0.0,
		0.11810175952328178,
		-0.98380808498843209,
		0.13480959279257232,
		0.0,
		0.75002970914998057,
		0.17734987305854882,
		0.63718322162350771,
		0.0,
		-0.047921058564726657,
		-0.02597612063799468,
		0.061220246734803418,
		1.0
	],
	"intrinsic" : 
	{
		"height" : 800,
		"intrinsic_matrix" : 
		[
			692.82032302755124,
			0.0,
			0.0,
			0.0,
			692.82032302755124,
			0.0,
			499.5,
			399.5,
			1.0
		],
		"width" : 1000
	},
	"version_major" : 1,
	"version_minor" : 0
}