{
	"class_name" : "PinholeCameraParameters",
	"extrinsic" : 
	[
		-0.43863214481155699,
		0.55964046048645322,
		-0.70313895961219797,
		0.0,
		-0.53074695593298948,
		-0.7927167280099553,
		-0.29984639050863388,
		0.0,
		-0.72519618745955827,
		0.24166659702925752,
		0.64473850945512778,
		0.0,
		38.425251857390258,
		-15.758050920751966,
		36.224342387943935,
		1.0
	],
	"intrinsic" : 
	{
		"height" : 800,
		"intrinsic_matrix" : 
		[
			692.82032302755124,
			0.0,
			0.0,
			0.0,
			692.82032302755124,
			0.0,
			499.5,
			399.5,
			1.0
		],
		"width" : 1000
	},
	"version_major" : 1,
	"version_minor" : 0
}