{
	"class_name" : "PinholeCameraParameters",
	"extrinsic" : 
	[
		-0.87042963898393966,
		-0.16083596063548847,
		-0.46527845140813079,
		0.0,
		0.27816117444299726,
		-0.94047532872540518,
		-0.19527549024732607,
		0.0,
		-0.40617558347441463,
		-0.29939597496509657,
		0.86335592055879151,
		0.0,
		26.358765129191763,
		14.956991765968446,
		2.2565472426409432,
		1.0
	],
	"intrinsic" : 
	{
		"height" : 800,
		"intrinsic_matrix" : 
		[
			692.82032302755113,
			0.0,
			0.0,
			0.0,
			692.82032302755113,
			0.0,
			499.5,
			399.5,
			1.0
		],
		"width" : 1000
	},
	"version_major" : 1,
	"version_minor" : 0
}