{
	"class_name" : "PinholeCameraParameters",
	"extrinsic" : 
	[
		0.16143338626622541,
		0.39638376707255857,
		-0.90378048828240776,
		0.0,
		0.12843783564558364,
		-0.91644215176170507,
		-0.37899538895487123,
		0.0,
		-0.97849015537883566,
		-0.054897100795431142,
		-0.19885503300384066,
		0.0,
		43.68071850230249,
		-1.1471025483947996,
		63.174946310294828,
		1.0
	],
	"intrinsic" : 
	{
		"height" : 800,
		"intrinsic_matrix" : 
		[
			692.82032302755113,
			0.0,
			0.0,
			0.0,
			692.82032302755113,
			0.0,
			499.5,
			399.5,
			1.0
		],
		"width" : 1000
	},
	"version_major" : 1,
	"version_minor" : 0
}