{
	"class_name" : "PinholeCameraParameters",
	"extrinsic" : 
	[
		-0.99637079932456196,
		-0.0,
		-0.085118918304532221,
		0.0,
		0.0,
		-1.0,
		-0.0,
		0.0,
		-0.085118918304532221,
		-0.0,
		0.99637079932456196,
		0.0,
		12.60282287486068,
		-0.26099443435668945,
		1.1495426457080831,
		1.0
	],
	"intrinsic" : 
	{
		"height" : 800,
		"intrinsic_matrix" : 
		[
			692.82032302755113,
			0.0,
			0.0,
			0.0,
			692.82032302755113,
			0.0,
			499.5,
			399.5,
			1.0
		],
		"width" : 1000
	},
	"version_major" : 1,
	"version_minor" : 0
}