{
	"class_name" : "PinholeCameraParameters",
	"extrinsic" : 
	[
		-0.73108249772886602,
		0.15867525520257236,
		0.66358160379935283,
		0.0,
		0.11786313833780308,
		-0.92858894522458912,
		0.35189608043831494,
		0.0,
		0.67203174191081672,
		0.33547687579486557,
		0.66017316188347874,
		0.0,
		-0.045403697528730455,
		-0.030654299243830379,
		0.062164584470543828,
		1.0
	],
	"intrinsic" : 
	{
		"height" : 800,
		"intrinsic_matrix" : 
		[
			692.82032302755113,
			0.0,
			0.0,
			0.0,
			692.82032302755113,
			0.0,
			499.5,
			399.5,
			1.0
		],
		"width" : 1000
	},
	"version_major" : 1,
	"version_minor" : 0
}