{
	"class_name" : "PinholeCameraParameters",
	"extrinsic" : 
	[
		-0.428024783189425,
		0.4624569931186982,
		-0.77648458741385085,
		0.0,
		-0.6382570441377311,
		-0.76295924969869611,
		-0.10257255435919128,
		0.0,
		-0.63986149328132902,
		0.45169316224049177,
		0.62173190090341401,
		0.0,
		33.513925427202459,
		-31.545684234182616,
		22.914208756823129,
		1.0
	],
	"intrinsic" : 
	{
		"height" : 1080,
		"intrinsic_matrix" : 
		[
			935.30743608719399,
			0.0,
			0.0,
			0.0,
			935.30743608719399,
			0.0,
			959.5,
			539.5,
			1.0
		],
		"width" : 1920
	},
	"version_major" : 1,
	"version_minor" : 0
}