{
	"class_name" : "PinholeCameraParameters",
	"extrinsic" : 
	[
		-0.71635898308804591,
		-0.04045361274014031,
		0.69655819036555122,
		0.0,
		0.23607047781100182,
		-0.95349349566441388,
		0.18740566488700841,
		0.0,
		0.65658246767268025,
		0.29868655634615893,
		0.69259353462397177,
		0.0,
		-0.042258453690482554,
		-0.032824817849481838,
		0.058199106153771892,
		1.0
	],
	"intrinsic" : 
	{
		"height" : 800,
		"intrinsic_matrix" : 
		[
			692.82032302755113,
			0.0,
			0.0,
			0.0,
			692.82032302755113,
			0.0,
			499.5,
			399.5,
			1.0
		],
		"width" : 1000
	},
	"version_major" : 1,
	"version_minor" : 0
}