{
	"class_name" : "PinholeCameraParameters",
	"extrinsic" : 
	[
		-0.84380452243619275,
		0.0827251041554313,
		0.53023625400259256,
		0.0,
		0.10213982571150183,
		-0.94522972308039155,
		0.31001326844022414,
		0.0,
		0.52684094745933796,
		0.31574883649483099,
		0.78913958735594281,
		0.0,
		-0.040322338225597637,
		-0.031318200625175041,
		0.052436145874103848,
		1.0
	],
	"intrinsic" : 
	{
		"height" : 800,
		"intrinsic_matrix" : 
		[
			692.82032302755113,
			0.0,
			0.0,
			0.0,
			692.82032302755113,
			0.0,
			499.5,
			399.5,
			1.0
		],
		"width" : 1000
	},
	"version_major" : 1,
	"version_minor" : 0
}