{
	"class_name" : "PinholeCameraParameters",
	"extrinsic" : 
	[
		-0.22247345043592875,
		0.89337274027746771,
		-0.39037252820896695,
		0.0,
		-0.82437472170369985,
		-0.38614361401251057,
		-0.41388335020063899,
		0.0,
		-0.52049196157777489,
		0.22973518730591885,
		0.82238060631707177,
		0.0,
		-0.0023936299352127766,
		0.0093793917468168852,
		-0.021005204578777741,
		1.0
	],
	"intrinsic" : 
	{
		"height" : 800,
		"intrinsic_matrix" : 
		[
			692.82032302755113,
			0.0,
			0.0,
			0.0,
			692.82032302755113,
			0.0,
			499.5,
			399.5,
			1.0
		],
		"width" : 1000
	},
	"version_major" : 1,
	"version_minor" : 0
}