{
	"class_name" : "PinholeCameraParameters",
	"extrinsic" : 
	[
		-0.43275521516226445,
		0.73003197663709296,
		-0.52893878363871294,
		0.0,
		-0.26195694789485313,
		-0.66323753392754214,
		-0.70106670940740412,
		0.0,
		-0.86261317008232341,
		-0.16483108528748858,
		0.47825645016400281,
		0.0,
		42.72426538391953,
		0.79355728757404931,
		28.851973647747634,
		1.0
	],
	"intrinsic" : 
	{
		"height" : 800,
		"intrinsic_matrix" : 
		[
			692.82032302755113,
			0.0,
			0.0,
			0.0,
			692.82032302755113,
			0.0,
			499.5,
			399.5,
			1.0
		],
		"width" : 1000
	},
	"version_major" : 1,
	"version_minor" : 0
}