{
	"class_name" : "PinholeCameraParameters",
	"extrinsic" : 
	[
		-0.39105055464614819,
		0.45091455396810642,
		-0.80234377216420372,
		0.0,
		-0.14476905014346647,
		-0.89104653973062375,
		-0.43020691086341306,
		0.0,
		-0.90891219918730237,
		-0.052078105321006055,
		0.41372271525101911,
		0.0,
		45.793823565595446,
		-2.431614710771473,
		5.0841771407369478,
		1.0
	],
	"intrinsic" : 
	{
		"height" : 800,
		"intrinsic_matrix" : 
		[
			692.82032302755113,
			0.0,
			0.0,
			0.0,
			692.82032302755113,
			0.0,
			499.5,
			399.5,
			1.0
		],
		"width" : 1000
	},
	"version_major" : 1,
	"version_minor" : 0
}