{
	"class_name" : "PinholeCameraParameters",
	"extrinsic" : 
	[
		-0.77595497304586269,
		-0.11053295993493954,
		0.62102845713655963,
		0.0,
		0.22421829447408642,
		-0.96856224400177693,
		0.10776518880127439,
		0.0,
		0.58959311073699505,
		0.22286687565060787,
		0.77634420169742369,
		0.0,
		-40.1326754225584,
		-30.495663480881127,
		51.154018678619728,
		1.0
	],
	"intrinsic" : 
	{
		"height" : 800,
		"intrinsic_matrix" : 
		[
			692.82032302755113,
			0.0,
			0.0,
			0.0,
			692.82032302755113,
			0.0,
			499.5,
			399.5,
			1.0
		],
		"width" : 1000
	},
	"version_major" : 1,
	"version_minor" : 0
}