{
	"class_name" : "PinholeCameraParameters",
	"extrinsic" : 
	[
		0.87667766193356111,
		-0.34935058122822188,
		0.33074226893792791,
		0.0,
		0.3821978669034049,
		0.92330650179149321,
		-0.037813942984602639,
		0.0,
		-0.29216616436745768,
		0.15955962880709873,
		0.94296323218551248,
		0.0,
		48.223709581000726,
		0.66736759742689156,
		4.7322079062579174,
		1.0
	],
	"intrinsic" : 
	{
		"height" : 800,
		"intrinsic_matrix" : 
		[
			692.82032302755113,
			0.0,
			0.0,
			0.0,
			692.82032302755113,
			0.0,
			499.5,
			399.5,
			1.0
		],
		"width" : 1000
	},
	"version_major" : 1,
	"version_minor" : 0
}