{
	"class_name" : "PinholeCameraParameters",
	"extrinsic" : 
	[
		-0.9192042290242185,
		0.15499696968671101,
		-0.36199381863773433,
		0.0,
		-0.08642387926972632,
		-0.97627070818399919,
		-0.19856086581671736,
		0.0,
		-0.38418029417965194,
		-0.15123307749910223,
		0.91078760303057849,
		0.0,
		28.39546418527053,
		1.0579939453121192,
		3.5415894069887717,
		1.0
	],
	"intrinsic" : 
	{
		"height" : 1080,
		"intrinsic_matrix" : 
		[
			935.30743608719399,
			0.0,
			0.0,
			0.0,
			935.30743608719399,
			0.0,
			959.5,
			539.5,
			1.0
		],
		"width" : 1920
	},
	"version_major" : 1,
	"version_minor" : 0
}