{
	"class_name" : "PinholeCameraParameters",
	"extrinsic" : 
	[
		-0.20489939333041232,
		0.73562452596700778,
		-0.64565687126262661,
		0.0,
		-0.66954365152175965,
		-0.58651167429632234,
		-0.45575800006256956,
		0.0,
		-0.71395205533686745,
		0.3389109214969912,
		0.61270861750943473,
		0.0,
		34.503724116247525,
		-27.752726654569869,
		20.041324636387277,
		1.0
	],
	"intrinsic" : 
	{
		"height" : 1080,
		"intrinsic_matrix" : 
		[
			935.30743608719399,
			0.0,
			0.0,
			0.0,
			935.30743608719399,
			0.0,
			959.5,
			539.5,
			1.0
		],
		"width" : 1920
	},
	"version_major" : 1,
	"version_minor" : 0
}