{
	"class_name" : "PinholeCameraParameters",
	"extrinsic" : 
	[
		-0.34566296947926767,
		0.66170512200200438,
		-0.66532957475756893,
		0.0,
		-0.76329251414856203,
		-0.61069216364476886,
		-0.21080706607615946,
		0.0,
		-0.54580367292236343,
		0.43497288740700091,
		0.71616823292106047,
		0.0,
		27.261394751298614,
		-31.942011485039025,
		16.435872487191048,
		1.0
	],
	"intrinsic" : 
	{
		"height" : 1080,
		"intrinsic_matrix" : 
		[
			935.30743608719399,
			0.0,
			0.0,
			0.0,
			935.30743608719399,
			0.0,
			959.5,
			539.5,
			1.0
		],
		"width" : 1920
	},
	"version_major" : 1,
	"version_minor" : 0
}