{
	"class_name" : "PinholeCameraParameters",
	"extrinsic" : 
	[
		-0.99229592262247834,
		-0.067481069153947554,
		0.10389950554571727,
		0.0,
		0.068896496497412293,
		-0.99757277799538513,
		0.010090855907804086,
		0.0,
		0.10296637663425105,
		0.01717142709299832,
		0.99453660936860611,
		0.0,
		3.8944733875501716,
		-0.44264663231221774,
		-0.41628613406373499,
		1.0
	],
	"intrinsic" : 
	{
		"height" : 800,
		"intrinsic_matrix" : 
		[
			692.82032302755113,
			0.0,
			0.0,
			0.0,
			692.82032302755113,
			0.0,
			499.5,
			399.5,
			1.0
		],
		"width" : 1000
	},
	"version_major" : 1,
	"version_minor" : 0
}