{
	"class_name" : "PinholeCameraParameters",
	"extrinsic" : 
	[
		-0.72461290198188477,
		0.2960792784925329,
		-0.62231278560602676,
		0.0,
		-0.22779657444813231,
		-0.955151952124625,
		-0.18919161985197605,
		0.0,
		-0.65041899030631634,
		0.0046700321047339344,
		0.75956127326836032,
		0.0,
		37.261091788234943,
		-3.4871341658055517,
		13.748434956627065,
		1.0
	],
	"intrinsic" : 
	{
		"height" : 1080,
		"intrinsic_matrix" : 
		[
			935.30743608719399,
			0.0,
			0.0,
			0.0,
			935.30743608719399,
			0.0,
			959.5,
			539.5,
			1.0
		],
		"width" : 1920
	},
	"version_major" : 1,
	"version_minor" : 0
}