{
	"class_name" : "PinholeCameraParameters",
	"extrinsic" : 
	[
		-0.58086860505110871,
		0.77258984790524521,
		-0.2563134615655786,
		0.0,
		-0.55914663798109465,
		-0.60754697563324922,
		-0.56412916041748007,
		0.0,
		-0.59156293063411081,
		-0.18436810817666502,
		0.78489598023364848,
		0.0,
		32.122711175543742,
		1.5653110239418297,
		12.299718874495042,
		1.0
	],
	"intrinsic" : 
	{
		"height" : 800,
		"intrinsic_matrix" : 
		[
			692.82032302755113,
			0.0,
			0.0,
			0.0,
			692.82032302755113,
			0.0,
			499.5,
			399.5,
			1.0
		],
		"width" : 1000
	},
	"version_major" : 1,
	"version_minor" : 0
}