{
	"class_name" : "PinholeCameraParameters",
	"extrinsic" : 
	[
		0.60636438509331947,
		0.74849663830632751,
		-0.26846790298754025,
		0.0,
		-0.64747277301223205,
		0.26874043747002258,
		-0.71313223561712014,
		0.0,
		-0.4616288993317591,
		0.60624364715232071,
		0.6475858241107515,
		0.0,
		15.839325822679349,
		-34.406867680428221,
		18.645252181605915,
		1.0
	],
	"intrinsic" : 
	{
		"height" : 800,
		"intrinsic_matrix" : 
		[
			692.82032302755113,
			0.0,
			0.0,
			0.0,
			692.82032302755113,
			0.0,
			499.5,
			399.5,
			1.0
		],
		"width" : 1000
	},
	"version_major" : 1,
	"version_minor" : 0
}