{
	"class_name" : "PinholeCameraParameters",
	"extrinsic" : 
	[
		-0.87932002643793572,
		0.18038468836175989,
		-0.44074670198405208,
		0.0,
		-0.04571022138395224,
		-0.95318425331419354,
		-0.29891529719118326,
		0.0,
		-0.47403255876175654,
		-0.24269557770691685,
		0.84639942686375191,
		0.0,
		32.937858300117036,
		5.438176494481767,
		6.6350801289399666,
		1.0
	],
	"intrinsic" : 
	{
		"height" : 1080,
		"intrinsic_matrix" : 
		[
			935.30743608719399,
			0.0,
			0.0,
			0.0,
			935.30743608719399,
			0.0,
			959.5,
			539.5,
			1.0
		],
		"width" : 1920
	},
	"version_major" : 1,
	"version_minor" : 0
}