{
	"class_name" : "PinholeCameraParameters",
	"extrinsic" : 
	[
		0.27764089196243003,
		0.81534129055219018,
		-0.50806900617041717,
		0.0,
		-0.75277283197093658,
		0.51321672605410562,
		0.41223980344547195,
		0.0,
		0.59686564531455699,
		0.26800591788054651,
		0.75625672190351034,
		0.0,
		-23.73773865288079,
		-17.036647157071453,
		15.576087019772082,
		1.0
	],
	"intrinsic" : 
	{
		"height" : 1080,
		"intrinsic_matrix" : 
		[
			935.30743608719399,
			0.0,
			0.0,
			0.0,
			935.30743608719399,
			0.0,
			959.5,
			539.5,
			1.0
		],
		"width" : 1920
	},
	"version_major" : 1,
	"version_minor" : 0
}