{
	"class_name" : "PinholeCameraParameters",
	"extrinsic" : 
	[
		-0.90898981211044605,
		0.29613979417422198,
		0.29332361614071523,
		0.0,
		-0.22507269267177721,
		-0.94103343746361223,
		0.25258335770373652,
		0.0,
		0.35082731434837278,
		0.16357656275233151,
		0.92204278839175391,
		0.0,
		-0.038319988268778769,
		-0.019624092265827203,
		0.040356981903850363,
		1.0
	],
	"intrinsic" : 
	{
		"height" : 800,
		"intrinsic_matrix" : 
		[
			692.82032302755113,
			0.0,
			0.0,
			0.0,
			692.82032302755113,
			0.0,
			499.5,
			399.5,
			1.0
		],
		"width" : 1000
	},
	"version_major" : 1,
	"version_minor" : 0
}