{
	"class_name" : "PinholeCameraParameters",
	"extrinsic" : 
	[
		-0.4512611304589132,
		0.34001518442050699,
		-0.82507761241014921,
		0.0,
		-0.42553229140765014,
		-0.89467184756141371,
		-0.13595791315845196,
		0.0,
		-0.78440146679254652,
		0.28974464541132605,
		0.54841806986018116,
		0.0,
		40.596253200333834,
		-17.045201332992917,
		8.5577019079202969,
		1.0
	],
	"intrinsic" : 
	{
		"height" : 800,
		"intrinsic_matrix" : 
		[
			692.82032302755113,
			0.0,
			0.0,
			0.0,
			692.82032302755113,
			0.0,
			499.5,
			399.5,
			1.0
		],
		"width" : 1000
	},
	"version_major" : 1,
	"version_minor" : 0
}