{
	"class_name" : "PinholeCameraParameters",
	"extrinsic" : 
	[
		-0.49592666556091403,
		0.3881021927338591,
		-0.77680977747502888,
		0.0,
		-0.47999154394939975,
		-0.86799844718019259,
		-0.12722740832794646,
		0.0,
		-0.72364691675063797,
		0.30976666006519338,
		0.61674934632259659,
		0.0,
		37.400874194380357,
		-17.787387700118799,
		24.704105514397099,
		1.0
	],
	"intrinsic" : 
	{
		"height" : 800,
		"intrinsic_matrix" : 
		[
			692.82032302755113,
			0.0,
			0.0,
			0.0,
			692.82032302755113,
			0.0,
			499.5,
			399.5,
			1.0
		],
		"width" : 1000
	},
	"version_major" : 1,
	"version_minor" : 0
}