{
	"class_name" : "PinholeCameraParameters",
	"extrinsic" : 
	[
		-0.80117788714996352,
		0.5947108019508065,
		0.066581192426606886,
		0.0,
		-0.47834041235930069,
		-0.5695744043494162,
		-0.66841263289523634,
		0.0,
		-0.3595892699259175,
		-0.56736589600806675,
		0.74080462809104353,
		0.0,
		23.412881266521325,
		20.748791721375248,
		-3.3092138532707267,
		1.0
	],
	"intrinsic" : 
	{
		"height" : 800,
		"intrinsic_matrix" : 
		[
			692.82032302755113,
			0.0,
			0.0,
			0.0,
			692.82032302755113,
			0.0,
			499.5,
			399.5,
			1.0
		],
		"width" : 1000
	},
	"version_major" : 1,
	"version_minor" : 0
}