{
	"class_name" : "PinholeCameraParameters",
	"extrinsic" : 
	[
		-0.33681016704997074,
		0.8284119767531446,
		-0.44754051005883083,
		0.0,
		-0.90107750447952273,
		-0.14569226362269139,
		0.40845207214733525,
		0.0,
		0.27316339852316701,
		0.54083949660915476,
		0.7955340323423189,
		0.0,
		-12.732570132548851,
		-31.992117996383392,
		18.38741002348706,
		1.0
	],
	"intrinsic" : 
	{
		"height" : 800,
		"intrinsic_matrix" : 
		[
			692.82032302755113,
			0.0,
			0.0,
			0.0,
			692.82032302755113,
			0.0,
			499.5,
			399.5,
			1.0
		],
		"width" : 1000
	},
	"version_major" : 1,
	"version_minor" : 0
}