{
	"class_name" : "PinholeCameraParameters",
	"extrinsic" : 
	[
		-0.19391761821117579,
		0.9694629865642953,
		-0.15012486479308365,
		0.0,
		-0.66227152076075435,
		-0.24226513761647975,
		-0.7090162451488019,
		0.0,
		-0.72373502757331187,
		-0.038067319021768631,
		0.68902720489538904,
		0.0,
		34.872373497449068,
		-6.7486739591661484,
		15.737868834689902,
		1.0
	],
	"intrinsic" : 
	{
		"height" : 800,
		"intrinsic_matrix" : 
		[
			692.82032302755113,
			0.0,
			0.0,
			0.0,
			692.82032302755113,
			0.0,
			499.5,
			399.5,
			1.0
		],
		"width" : 1000
	},
	"version_major" : 1,
	"version_minor" : 0
}