{
	"class_name" : "PinholeCameraParameters",
	"extrinsic" : 
	[
		-0.90848247503469071,
		0.32783733736379822,
		-0.25919543357292757,
		0.0,
		-0.31308140113059929,
		-0.9447047372946854,
		-0.097534586681240529,
		0.0,
		-0.27683863317995105,
		-0.0074591931999936356,
		0.96088747083925585,
		0.0,
		21.933713292579448,
		-3.2420646230833161,
		1.092788517428672,
		1.0
	],
	"intrinsic" : 
	{
		"height" : 1080,
		"intrinsic_matrix" : 
		[
			935.30743608719399,
			0.0,
			0.0,
			0.0,
			935.30743608719399,
			0.0,
			959.5,
			539.5,
			1.0
		],
		"width" : 1920
	},
	"version_major" : 1,
	"version_minor" : 0
}