{
	"class_name" : "PinholeCameraParameters",
	"extrinsic" : 
	[
		-0.23415781370180633,
		0.94053256484189307,
		-0.24610691325990916,
		0.0,
		-0.82738340034028013,
		-0.059862678460531171,
		0.55843815106857342,
		0.0,
		0.51049664751469814,
		0.33438743128213022,
		0.79219834554030266,
		0.0,
		-26.770902307611919,
		-19.654511844721103,
		26.518600445201674,
		1.0
	],
	"intrinsic" : 
	{
		"height" : 800,
		"intrinsic_matrix" : 
		[
			692.82032302755113,
			0.0,
			0.0,
			0.0,
			692.82032302755113,
			0.0,
			499.5,
			399.5,
			1.0
		],
		"width" : 1000
	},
	"version_major" : 1,
	"version_minor" : 0
}