{
	"class_name" : "PinholeCameraParameters",
	"extrinsic" : 
	[
		-0.39968707713780455,
		0.72332615562674996,
		-0.5630714989726131,
		0.0,
		-0.91230799143275842,
		-0.25416804768888773,
		0.32108056979821348,
		0.0,
		0.089131190595463511,
		0.64202638272912582,
		0.76148391627321277,
		0.0,
		-6.808753607510182,
		-34.072126381220528,
		28.115069395853673,
		1.0
	],
	"intrinsic" : 
	{
		"height" : 800,
		"intrinsic_matrix" : 
		[
			692.82032302755113,
			0.0,
			0.0,
			0.0,
			692.82032302755113,
			0.0,
			499.5,
			399.5,
			1.0
		],
		"width" : 1000
	},
	"version_major" : 1,
	"version_minor" : 0
}