{
	"class_name" : "PinholeCameraParameters",
	"extrinsic" : 
	[
		-0.93232989049036741,
		0.1597810829132979,
		-0.32439325030165705,
		0.0,
		-0.068985139347036942,
		-0.9591985032571182,
		-0.27418840584272408,
		0.0,
		-0.35496764056388241,
		-0.23325573281777731,
		0.90531195577002743,
		0.0,
		25.812048528133616,
		8.8547256593049557,
		3.9827623834024273,
		1.0
	],
	"intrinsic" : 
	{
		"height" : 1080,
		"intrinsic_matrix" : 
		[
			935.30743608719399,
			0.0,
			0.0,
			0.0,
			935.30743608719399,
			0.0,
			959.5,
			539.5,
			1.0
		],
		"width" : 1920
	},
	"version_major" : 1,
	"version_minor" : 0
}