{
	"class_name" : "PinholeCameraParameters",
	"extrinsic" : 
	[
		-0.6643640286820186,
		0.56499611693963792,
		-0.48928501431837168,
		0.0,
		-0.56039477090914769,
		-0.8097209055227238,
		-0.17409697268230762,
		0.0,
		-0.49454841838902075,
		0.15852899735566173,
		0.85457031241807535,
		0.0,
		28.953672237590304,
		-17.965603133841352,
		7.8145063469234106,
		1.0
	],
	"intrinsic" : 
	{
		"height" : 1080,
		"intrinsic_matrix" : 
		[
			935.30743608719399,
			0.0,
			0.0,
			0.0,
			935.30743608719399,
			0.0,
			959.5,
			539.5,
			1.0
		],
		"width" : 1920
	},
	"version_major" : 1,
	"version_minor" : 0
}