{
	"class_name" : "PinholeCameraParameters",
	"extrinsic" : 
	[
		-0.5861860613306491,
		0.52644559131776558,
		-0.61582541428861859,
		0.0,
		-0.33166912030026119,
		-0.8494316532896109,
		-0.41044056942379514,
		0.0,
		-0.73917622806805106,
		-0.036344267385193307,
		0.67253074136973257,
		0.0,
		39.911812465861345,
		-3.9132097331871791,
		17.629925566102827,
		1.0
	],
	"intrinsic" : 
	{
		"height" : 1080,
		"intrinsic_matrix" : 
		[
			935.30743608719399,
			0.0,
			0.0,
			0.0,
			935.30743608719399,
			0.0,
			959.5,
			539.5,
			1.0
		],
		"width" : 1920
	},
	"version_major" : 1,
	"version_minor" : 0
}