{
	"class_name" : "PinholeCameraParameters",
	"extrinsic" : 
	[
		0.18561904945856822,
		0.27338929694865943,
		-0.94382406241418504,
		0.0,
		-0.32324043331365532,
		-0.89006988435549417,
		-0.32138951948468636,
		0.0,
		-0.92793382886351228,
		0.36473811601930906,
		-0.076843451076764324,
		0.0,
		40.891854394208238,
		-19.318635781589052,
		57.935820405784369,
		1.0
	],
	"intrinsic" : 
	{
		"height" : 800,
		"intrinsic_matrix" : 
		[
			692.82032302755113,
			0.0,
			0.0,
			0.0,
			692.82032302755113,
			0.0,
			499.5,
			399.5,
			1.0
		],
		"width" : 1000
	},
	"version_major" : 1,
	"version_minor" : 0
}