{
	"class_name" : "PinholeCameraParameters",
	"extrinsic" : 
	[
		0.5781877549303962,
		-0.56078544099385041,
		0.59263699616028098,
		0.0,
		0.60682504803481885,
		-0.18997824588071718,
		-0.77179765947405254,
		0.0,
		0.54540102780072552,
		0.80587092965401019,
		0.23045555669693366,
		0.0,
		-20.636653986294402,
		-21.682640840135896,
		61.819875576263577,
		1.0
	],
	"intrinsic" : 
	{
		"height" : 1080,
		"intrinsic_matrix" : 
		[
			935.30743608719399,
			0.0,
			0.0,
			0.0,
			935.30743608719399,
			0.0,
			959.5,
			539.5,
			1.0
		],
		"width" : 1920
	},
	"version_major" : 1,
	"version_minor" : 0
}