{
	"class_name" : "PinholeCameraParameters",
	"extrinsic" : 
	[
		-0.94120014030934973,
		-0.27935082885890233,
		0.19001423709160545,
		0.0,
		0.28906138382257351,
		-0.95698693115896005,
		0.024890359047927788,
		0.0,
		0.17488799920017223,
		0.078352587747949773,
		0.98146577104296429,
		0.0,
		-2.3592423272313292,
		-2.8980335336871916,
		5.3385659286384195,
		1.0
	],
	"intrinsic" : 
	{
		"height" : 800,
		"intrinsic_matrix" : 
		[
			692.82032302755124,
			0.0,
			0.0,
			0.0,
			692.82032302755124,
			0.0,
			499.5,
			399.5,
			1.0
		],
		"width" : 1000
	},
	"version_major" : 1,
	"version_minor" : 0
}