{
	"class_name" : "PinholeCameraParameters",
	"extrinsic" : 
	[
		-0.31278850555286108,
		0.93171590575594898,
		-0.18457741399038935,
		0.0,
		-0.50483728551467366,
		-0.32768647331166717,
		-0.79859933030446373,
		0.0,
		-0.80455122021421599,
		-0.15661113041522257,
		0.57286149100972261,
		0.0,
		6.3781760511677881,
		6.8986949006460652,
		49.601849884132086,
		1.0
	],
	"intrinsic" : 
	{
		"height" : 800,
		"intrinsic_matrix" : 
		[
			692.82032302755124,
			0.0,
			0.0,
			0.0,
			692.82032302755124,
			0.0,
			499.5,
			399.5,
			1.0
		],
		"width" : 1000
	},
	"version_major" : 1,
	"version_minor" : 0
}