{
	"class_name" : "PinholeCameraParameters",
	"extrinsic" : 
	[
		-0.053879490789179814,
		0.35275174451264063,
		-0.93416444334795112,
		0.0,
		-0.51980012171557832,
		-0.80868356546901243,
		-0.27538831566498151,
		0.0,
		-0.85258714155021642,
		0.47074100913731132,
		0.22693185845010191,
		0.0,
		38.520791318975611,
		-26.619647328156049,
		71.51259929808316,
		1.0
	],
	"intrinsic" : 
	{
		"height" : 1061,
		"intrinsic_matrix" : 
		[
			918.85295341528945,
			0.0,
			0.0,
			0.0,
			918.85295341528945,
			0.0,
			959.5,
			530.0,
			1.0
		],
		"width" : 1920
	},
	"version_major" : 1,
	"version_minor" : 0
}