{
	"class_name" : "PinholeCameraParameters",
	"extrinsic" : 
	[
		-0.26752570318633251,
		0.55993846601084463,
		-0.78415490332974436,
		0.0,
		-0.48520004084572238,
		-0.78139393523107115,
		-0.39243399234445797,
		0.0,
		-0.83247277342743631,
		0.27548581136879452,
		0.48072512856778071,
		0.0,
		40.534699257802508,
		-24.358438930415318,
		59.95447309673623,
		1.0
	],
	"intrinsic" : 
	{
		"height" : 1061,
		"intrinsic_matrix" : 
		[
			918.85295341528945,
			0.0,
			0.0,
			0.0,
			918.85295341528945,
			0.0,
			959.5,
			530.0,
			1.0
		],
		"width" : 1920
	},
	"version_major" : 1,
	"version_minor" : 0
}