{
	"class_name" : "PinholeCameraParameters",
	"extrinsic" : 
	[
		-0.98870811586263097,
		-0.10630123032514525,
		0.10562343517764881,
		0.0,
		0.14985088448679879,
		-0.69669732726779587,
		0.70153941200508041,
		0.0,
		-0.00098693763260780665,
		0.7094454754308257,
		0.70475963515573115,
		0.0,
		-9.2764551914391511,
		-28.430656392055493,
		25.278548100703684,
		1.0
	],
	"intrinsic" : 
	{
		"height" : 800,
		"intrinsic_matrix" : 
		[
			692.82032302755101,
			0.0,
			0.0,
			0.0,
			692.82032302755101,
			0.0,
			499.5,
			399.5,
			1.0
		],
		"width" : 1000
	},
	"version_major" : 1,
	"version_minor" : 0
}